{
  "0": {
    "best_model": "lgb",
    "best_auc": 0.5988253343027116,
    "best_params": {
      "clf__num_leaves": 31,
      "clf__n_estimators": 400,
      "clf__learning_rate": 0.01
    },
    "n_train": 40000,
    "n_test": 10000,
    "classification_report_test": {
      "0": {
        "precision": 0.7403536977491961,
        "recall": 0.9967532467532467,
        "f1-score": 0.8496309963099631,
        "support": 7392.0
      },
      "1": {
        "precision": 0.5,
        "recall": 0.009202453987730062,
        "f1-score": 0.018072289156626505,
        "support": 2608.0
      },
      "accuracy": 0.7392,
      "macro avg": {
        "precision": 0.620176848874598,
        "recall": 0.5029778503704884,
        "f1-score": 0.4338516427332948,
        "support": 10000.0
      },
      "weighted avg": {
        "precision": 0.6776694533762058,
        "recall": 0.7392,
        "f1-score": 0.6327604854843728,
        "support": 10000.0
      }
    },
    "path": "reports/segment_models/best_0_lgb.joblib"
  }
}